{
  "n": 32,
  "d1_max_abs_dev": 2.220446049250313e-15,
  "A_max_abs_dev": 2.7284841053187847e-11,
  "A_lam_min_computed": 19.724305271649925,
  "A_lam_max_computed": 8692.27569472836,
  "A_lam_min_analytic": 19.72430527164353,
  "A_lam_max_analytic": 8692.275694728356,
  "kappa_computed": 440.6885603835139,
  "kappa_analytic_exact": 440.6885603836582,
  "kappa_asymptotic_4n1sq_over_pisq": 441.35507594602336,
  "kappa_vs_n_analytic": {
    "8": 32.16343747752636,
    "16": 116.46119157748775,
    "32": 440.6885603836582,
    "64": 1711.661375825801,
    "128": 6743.676611186966
  },
  "kappa_over_nsq": {
    "8": 0.5025537105863493,
    "16": 0.45492652959956154,
    "32": 0.43035992224966624,
    "64": 0.41788607808247097,
    "128": 0.41160135566326694
  }
}